name,address,city,cuisine
arnie morton's of chicago, 435 s. la cienega blv., los angeles, american
arnie morton's of chicago, 435 s. la cienega blvd., los angeles, steakhouses
art's delicatessen, 12224 ventura blvd., studio city, american
art's deli, 12224 ventura blvd., studio city, delis
hotel bel-air, 701 stone canyon rd., bel air, californian
bel-air hotel, 701 stone canyon rd., bel air, californian
cafe bizou, 14016 ventura blvd., sherman oaks, french
cafe bizou, 14016 ventura blvd., sherman oaks, french bistro
campanile, 624 s. la brea ave., los angeles, american
campanile, 624 s. la brea ave., los angeles, californian
chinois on main, 2709 main st., santa monica, french
chinois on main, 2709 main st., santa monica, pacific new wave
citrus, 6703 melrose ave., los angeles, californian
citrus, 6703 melrose ave., los angeles, californian
fenix, 8358 sunset blvd. west, hollywood, american
fenix at the argyle, 8358 sunset blvd., w. hollywood, french (new)
granita, 23725 w. malibu rd., malibu, californian
granita, 23725 w. malibu rd., malibu, californian
grill on the alley, 9560 dayton way, los angeles, american
grill  the, 9560 dayton way, beverly hills, american (traditional)
restaurant katsu, 1972 n. hillhurst ave., los angeles, asian
katsu, 1972 hillhurst ave., los feliz, japanese
l'orangerie, 903 n. la cienega blvd., los angeles, french
l'orangerie, 903 n. la cienega blvd., w. hollywood, french (classic)
le chardonnay, 8284 melrose ave., los angeles, french
le chardonnay (los angeles), 8284 melrose ave., los angeles, french bistro
locanda veneta, 3rd st., los angeles, italian
locanda veneta, 8638 w. third st., los angeles, italian
matsuhisa, 129 n. la cienega blvd., beverly hills, asian
matsuhisa, 129 n. la cienega blvd., beverly hills, seafood
the palm, 9001 santa monica blvd., los angeles, american
palm  the (los angeles), 9001 santa monica blvd., w. hollywood, steakhouses
patina, 5955 melrose ave., los angeles, californian
patina, 5955 melrose ave., los angeles, californian
philippe's the original, 1001 n. alameda st., los angeles, american
philippe the original, 1001 n. alameda st., chinatown, cafeterias
pinot bistro, 12969 ventura blvd., los angeles, french
pinot bistro, 12969 ventura blvd., studio city, french bistro
rex il ristorante, 617 s. olive st., los angeles, italian
rex il ristorante, 617 s. olive st., los angeles, nuova cucina italian
spago, 1114 horn ave., los angeles, californian
spago (los angeles), 8795 sunset blvd., w. hollywood, californian
valentino, 3115 pico blvd., santa monica, italian
valentino, 3115 pico blvd., santa monica, italian
yujean kang's gourmet chinese cuisine, 67 n. raymond ave., los angeles, asian
yujean kang's, 67 n. raymond ave., pasadena, chinese
21 club, 21 w. 52nd st., new york, american
21 club, 21 w. 52nd st., new york city, american (new)
aquavit, 13 w. 54th st., new york, continental
aquavit, 13 w. 54th st., new york city, scandinavian
aureole, 34 e. 61st st., new york, american
aureole, 34 e. 61st st., new york city, american (new)
cafe lalo, 201 w. 83rd st., new york, coffee bar
cafe lalo, 201 w. 83rd st., new york city, coffeehouses
cafe des artistes, 1 w. 67th st., new york, continental
cafe des artistes, 1 w. 67th st., new york city, french (classic)
carmine's, 2450 broadway  between 90th and 91st sts., new york, italian
carmine's, 2450 broadway, new york city, italian
carnegie deli, 854 7th ave.  between 54th and 55th sts., new york, delicatessen
carnegie deli, 854 seventh ave., new york city, delis
chanterelle, 2 harrison st.  near hudson st., new york, american
chanterelle, 2 harrison st., new york city, french (new)
daniel, 20 e. 76th st., new york, french
daniel, 20 e. 76th st., new york city, french (new)
dawat, 210 e. 58th st., new york, asian
dawat, 210 e. 58th st., new york city, indian
felidia, 243 e. 58th st., new york, italian
felidia, 243 e. 58th st., new york city, italian
four seasons grill room, 99 e. 52nd st., new york, american
four seasons, 99 e. 52nd st., new york city, american (new)
gotham bar & grill, 12 e. 12th st., new york, american
gotham bar & grill, 12 e. 12th st., new york city, american (new)
gramercy tavern, 42 e. 20th st.  between park ave. s and broadway, new york, american
gramercy tavern, 42 e. 20th st., new york city, american (new)
island spice, 402 w. 44th st., new york, tel caribbean
island spice, 402 w. 44th st., new york city, caribbean
jo jo, 160 e. 64th st., new york, american
jo jo, 160 e. 64th st., new york city, french bistro
la caravelle, 33 w. 55th st., new york, french
la caravelle, 33 w. 55th st., new york city, french (classic)
la cote basque, 60 w. 55th st.  between 5th and 6th ave., new york, french
la cote basque, 60 w. 55th st., new york city, french (classic)
le bernardin, 155 w. 51st st., new york, french
le bernardin, 155 w. 51st st., new york city, seafood
les celebrites, 160 central park s, new york, french
les celebrites, 155 w. 58th st., new york city, french (classic)
lespinasse, 2 e. 55th st., new york, american
lespinasse (new york city), 2 e. 55th st., new york city, asian
lutece, 249 e. 50th st., new york, french
lutece, 249 e. 50th st., new york city, french (classic)
manhattan ocean club, 57 w. 58th st., new york, seafood
manhattan ocean club, 57 w. 58th st., new york city, seafood
march, 405 e. 58th st., new york, american
march, 405 e. 58th st., new york city, american (new)
mesa grill, 102 5th ave.  between 15th and 16th sts., new york, american
mesa grill, 102 fifth ave., new york city, southwestern
mi cocina, 57 jane st.  off hudson st., new york, mexican
mi cocina, 57 jane st., new york city, mexican
montrachet, 239 w. broadway  between walker and white sts., new york, french
montrachet, 239 w. broadway, new york city, french bistro
oceana, 55 e. 54th st., new york, seafood
oceana, 55 e. 54th st., new york city, seafood
park avenue cafe, 100 e. 63rd st., new york, american
park avenue cafe (new york city), 100 e. 63rd st., new york city, american (new)
petrossian, 182 w. 58th st., new york, french
petrossian, 182 w. 58th st., new york city, russian
picholine, 35 w. 64th st., new york, mediterranean
picholine, 35 w. 64th st., new york city, mediterranean
pisces, 95 ave. a at 6th st., new york, seafood
pisces, 95 ave. a, new york city, seafood
rainbow room, 30 rockefeller plaza, new york, or 212/632-5100 american
rainbow room, 30 rockefeller plaza, new york city, american (new)
river cafe, 1 water st. at the east river, brooklyn, american
river cafe, 1 water st., brooklyn, american (new)
san domenico, 240 central park s, new york, italian
san domenico, 240 central park s., new york city, italian
second avenue deli, 156 2nd ave. at 10th st., new york, delicatessen
second avenue deli, 156 second ave., new york city, delis
seryna, 11 e. 53rd st., new york, asian
seryna, 11 e. 53rd st., new york city, japanese
shun lee west, 43 w. 65th st., new york, asian
shun lee palace, 155 e. 55th st., new york city, chinese
sign of the dove, 1110 3rd ave. at 65th st., new york, american
sign of the dove, 1110 third ave., new york city, american (new)
smith & wollensky, 201 e. 49th st., new york, american
smith & wollensky, 797 third ave., new york city, steakhouses
tavern on the green, in central park at 67th st., new york, american
tavern on the green, central park west, new york city, american (new)
uncle nick's, 747 9th ave.  between 50th and 51st sts., new york, mediterranean
uncle nick's, 747 ninth ave., new york city, greek
union square cafe, 21 e. 16th st., new york, american
union square cafe, 21 e. 16th st., new york city, american (new)
virgil's, 152 w. 44th st., new york, american
virgil's real bbq, 152 w. 44th st., new york city, bbq
chin's, 3200 las vegas blvd. s, las vegas, asian
chin's, 3200 las vegas blvd. s., las vegas, chinese
coyote cafe, 3799 las vegas blvd. s, las vegas, southwestern
coyote cafe (las vegas), 3799 las vegas blvd. s., las vegas, southwestern
le montrachet, 3000 w. paradise rd., las vegas, continental
le montrachet bistro, 3000 paradise rd., las vegas, french bistro
palace court, 3570 las vegas blvd. s, las vegas, continental
palace court, 3570 las vegas blvd. s., las vegas, french (new)
second street grille, 200 e. fremont st., las vegas, seafood
second street grill, 200 e. fremont st., las vegas, pacific rim
steak house, 2880 las vegas blvd. s, las vegas, steak houses
steak house  the, 2880 las vegas blvd. s., las vegas, steakhouses
tillerman, 2245 e. flamingo rd., las vegas, seafood
tillerman  the, 2245 e. flamingo rd., las vegas, steakhouses
abruzzi, 2355 peachtree rd.  peachtree battle shopping center, atlanta, italian
abruzzi, 2355 peachtree rd. ne, atlanta, italian
bacchanalia, 3125 piedmont rd.  near peachtree rd., atlanta, international
bacchanalia, 3125 piedmont rd., atlanta, californian
bone's, 3130 piedmont road, atlanta, american
bone's restaurant, 3130 piedmont rd. ne, atlanta, steakhouses
brasserie le coze, 3393 peachtree rd.  lenox square mall  near neiman marcus, atlanta, french
brasserie le coze, 3393 peachtree rd., atlanta, french bistro
buckhead diner, 3073 piedmont road, atlanta, american
buckhead diner, 3073 piedmont rd., atlanta, american (new)
ciboulette, 1529 piedmont ave., atlanta, french
ciboulette restaurant, 1529 piedmont ave., atlanta, french (new)
delectables, 1 margaret mitchell sq., atlanta, american
delectables, 1 margaret mitchell sq., atlanta, cafeterias
georgia grille, 2290 peachtree rd.  peachtree square shopping center, atlanta, american
georgia grille, 2290 peachtree rd., atlanta, southwestern
hedgerose heights inn, 490 e. paces ferry rd., atlanta, international
hedgerose heights inn  the, 490 e. paces ferry rd. ne, atlanta, continental
heera of india, 595 piedmont ave.  rio shopping mall, atlanta, asian
heera of india, 595 piedmont ave., atlanta, indian
indigo coastal grill, 1397 n. highland ave., atlanta, caribbean
indigo coastal grill, 1397 n. highland ave., atlanta, eclectic
la grotta, 2637 peachtree rd.  peachtree house condominium, atlanta, italian
la grotta, 2637 peachtree rd. ne, atlanta, italian
mary mac's tea room, 224 ponce de leon ave., atlanta, southern
mary mac's tea room, 224 ponce de leon ave., atlanta, southern/soul
nikolai's roof, 255 courtland st.  at harris st., atlanta, continental
nikolai's roof, 255 courtland st., atlanta, continental
pano's and paul's, 1232 w. paces ferry rd., atlanta, international
pano's & paul's, 1232 w. paces ferry rd., atlanta, american (new)
cafe  ritz-carlton  buckhead, 3434 peachtree rd., atlanta, ext 6108 international
ritz-carlton cafe (buckhead), 3434 peachtree rd. ne, atlanta, american (new)
dining room  ritz-carlton  buckhead, 3434 peachtree rd., atlanta, international
ritz-carlton dining room (buckhead), 3434 peachtree rd. ne, atlanta, american (new)
restaurant  ritz-carlton  atlanta, 181 peachtree st., atlanta, continental
ritz-carlton restaurant, 181 peachtree st., atlanta, french (classic)
toulouse, b peachtree rd., atlanta, french
toulouse, 293-b peachtree rd., atlanta, french (new)
veni vidi vici, 41 14th st., atlanta, italian
veni vidi vici, 41 14th st., atlanta, italian
alain rondelli, 126 clement st., san francisco, french
alain rondelli, 126 clement st., san francisco, french (new)
aqua, 252 california st., san francisco, seafood
aqua, 252 california st., san francisco, american (new)
boulevard, 1 mission st., san francisco, american
boulevard, 1 mission st., san francisco, american (new)
cafe claude, 7 claude la., san francisco, french
cafe claude, 7 claude ln., san francisco, french bistro
campton place, 340 stockton st., san francisco, american
campton place, 340 stockton st., san francisco, american (new)
chez michel, 804 northpoint, san francisco, french
chez michel, 804 north point st., san francisco, californian
fleur de lys, 777 sutter st., san francisco, french
fleur de lys, 777 sutter st., san francisco, french (new)
fringale, 570 4th st., san francisco, french
fringale, 570 fourth st., san francisco, french bistro
hawthorne lane, 22 hawthorne st., san francisco, american
hawthorne lane, 22 hawthorne st., san francisco, californian
khan toke thai house, 5937 geary blvd., san francisco, asian
khan toke thai house, 5937 geary blvd., san francisco, thai
la folie, 2316 polk st., san francisco, french
la folie, 2316 polk st., san francisco, french (new)
lulu, 816 folsom st., san francisco, mediterranean
lulu restaurant-bis-cafe, 816 folsom st., san francisco, mediterranean
masa's, 648 bush st., san francisco, french
masa's, 648 bush st., san francisco, french (new)
mifune japan center  kintetsu building, 1737 post st., san francisco, asian
mifune, 1737 post st., san francisco, japanese
plumpjack cafe, 3201 fillmore st., san francisco, mediterranean
plumpjack cafe, 3127 fillmore st., san francisco, american (new)
postrio, 545 post st., san francisco, american
postrio, 545 post st., san francisco, californian
ritz-carlton restaurant and dining room, 600 stockton st., san francisco, american
ritz-carlton dining room (san francisco), 600 stockton st., san francisco, french (new)
rose pistola, 532 columbus ave., san francisco, italian
rose pistola, 532 columbus ave., san francisco, italian
adriano's ristorante, 2930 beverly glen circle, los angeles, italian
barney greengrass, 9570 wilshire blvd., beverly hills, american
beaurivage, 26025 pacific coast hwy., malibu, french
bistro garden, 176 n. canon dr., los angeles, californian
border grill, 4th st., los angeles, mexican
broadway deli, 3rd st. promenade, santa monica, american
ca'brea, 346 s. la brea ave., los angeles, italian
ca'del sol, 4100 cahuenga blvd., los angeles, italian
cafe pinot, 700 w. fifth st., los angeles, californian
california pizza kitchen, 207 s. beverly dr., los angeles, californian
canter's, 419 n. fairfax ave., los angeles, american
cava, 3rd st., los angeles, mediterranean
cha cha cha, 656 n. virgil ave., los angeles, caribbean
chan dara, 310 n. larchmont blvd., los angeles, asian
clearwater cafe, 168 w. colorado blvd., los angeles, health food
dining room, 9500 wilshire blvd., los angeles, californian
dive!, 10250 santa monica blvd., los angeles, dive american
drago, 2628 wilshire blvd., santa monica, italian
drai's, 730 n. la cienega blvd., los angeles, french
dynasty room, 930 hilgard ave., los angeles, continental
eclipse, 8800 melrose ave., los angeles, californian
ed debevic's, 134 n. la cienega, los angeles, american
el cholo, 1121 s. western ave., los angeles, mexican
gilliland's, 2424 main st., santa monica, american
gladstone's, 4 fish 17300 pacific coast hwy. at sunset blvd., pacific palisades, american
hard rock cafe, 8600 beverly blvd., los angeles, american
harry's bar & american grill, 2020 ave. of the stars, los angeles, italian
il fornaio cucina italiana, 301 n. beverly dr., los angeles, italian
jack sprat's grill, 10668 w. pico blvd., los angeles, health food
jackson's farm, 439 n. beverly drive, los angeles, californian
jimmy's, 201 moreno dr., los angeles, continental
joss, 9255 sunset blvd., los angeles, asian
le colonial, 8783 beverly blvd., los angeles, asian
le dome, 8720 sunset blvd., los angeles, french
louise's trattoria, 4500 los feliz blvd., los angeles, italian
mon kee seafood restaurant, 679 n. spring st., los angeles, asian
morton's, 8764 melrose ave., los angeles, american
nate 'n' al's, 414 n. beverly dr., los angeles, american
nicola, 601 s. figueroa st., los angeles, american
ocean avenue, 1401 ocean ave., santa monica, american
orleans, 11705 national blvd., los angeles, cajun
pacific dining car, 6th st., los angeles, american
paty's, 10001 riverside dr., toluca lake, american
pinot hollywood, 1448 n. gower st., los angeles, californian
posto, 14928 ventura blvd., sherman oaks, italian
prego, 362 n. camden dr., los angeles, italian
rj's the rib joint, 252 n. beverly dr., los angeles, american
remi, 3rd st. promenade, santa monica, italian
restaurant horikawa, 111 s. san pedro st., los angeles, asian
roscoe's house of chicken 'n' waffles, 1514 n. gower st., los angeles, american
schatzi on main, 3110 main st., los angeles, continental
sofi, 3rd st., los angeles, mediterranean
swingers, 8020 beverly blvd., los angeles, american
tavola calda, 7371 melrose ave., los angeles, italian
the mandarin, 430 n. camden dr., los angeles, asian
tommy tang's, 7313 melrose ave., los angeles, asian
tra di noi, 3835 cross creek rd., los angeles, italian
trader vic's, 9876 wilshire blvd., los angeles, asian
vida, 1930 north hillhurst ave., los feliz, american
west beach cafe, 60 n. venice blvd., los angeles, american
20 mott, 20 mott st.  between bowery and pell st., new york, asian
9 jones street, 9 jones st., new york, american
adrienne, 700 5th ave. at 55th st., new york, french
agrotikon, 322 e. 14 st.  between 1st and 2nd aves., new york, mediterranean
aja, 937 broadway at 22nd st., new york, american
alamo, 304 e. 48th st., new york, mexican
alley's end, 311 w. 17th st., new york, american
ambassador grill, 1 united nations plaza at 44th st., new york, american
american place, 2 park ave. at 32nd st., new york, american
anche vivolo, 222 e. 58th st.  between 2nd and 3rd aves., new york, italian
arizona, 206 206 e. 60th st., new york, american
arturo's, 106 w. houston st.  off thompson st., new york, italian
au mandarin, 200-250 vesey st. world financial center, new york, asian
bar anise, 1022 3rd ave.  between 60th and 61st sts., new york, mediterranean
barbetta, 321 w. 46th st., new york, italian
ben benson's, 123 w. 52nd st., new york, american
big cup, 228 8th ave.  between 21st and 22nd sts., new york, coffee bar
billy's, 948 1st ave.  between 52nd and 53rd sts., new york, american
boca chica, 13 1st ave.  near 1st st., new york, latin american
bolo, 23 e. 22nd st., new york, mediterranean
boonthai, 1393a 2nd ave.  between 72nd and 73rd sts., new york, asian
bouterin, 420 e. 59th st.  off 1st ave., new york, french
brothers bar-b-q, 225 varick st. at clarkston st., new york, american
bruno, 240 e. 58th st., new york, italian
bryant park grill  roof restaurant and bp cafe, 25 w. 40th st.  between 5th and 6th aves., new york, american
c3, 103 waverly pl.  near washington sq., new york, american
ct, 111 e. 22nd st.  between park ave. s and lexington ave., new york, french
cafe bianco, 1486 2nd ave.  between 77th and 78th sts., new york, coffee bar
cafe botanica, 160 central park s, new york, french
cafe la fortuna, 69 w. 71st st., new york, coffee bar
cafe luxembourg, 200 w. 70th st., new york, french
cafe pierre, 2 e. 61st st., new york, french
cafe centro, 200 park ave.  between 45th st. and vanderbilt ave., new york, french
cafe fes, 246 w. 4th st. at charles st., new york, mediterranean
caffe dante, 81 macdougal st.  between houston and bleeker sts., new york, coffee bar
caffe dell'artista, 46 greenwich ave., new york, coffee bar
caffe lure, 169 sullivan st.  between houston and bleecker sts., new york, french
caffe reggio, 119 macdougal st.  between 3rd and bleecker sts., new york, coffee bar
caffe roma, 385 broome st. at mulberry, new york, coffee bar
caffe vivaldi, 32 jones st. at bleecker st., new york, coffee bar
caffe bondi ristorante, 7 w. 20th st., new york, italian
capsouto freres, 451 washington st.  near watts st., new york, french
captain's table, 860 2nd ave. at 46th st., new york, seafood
casa la femme, 150 wooster st.  between houston and prince sts., new york, middle eastern
cendrillon asian grill & marimba bar, 45 mercer st.  between broome and grand sts., new york, asian
chez jacqueline, 72 macdougal st.  between w. houston and bleecker sts., new york, french
chiam, 160 e. 48th st., new york, asian
china grill, 60 w. 53rd st., new york, american
cite, 120 w. 51st st., new york, french
coco pazzo, 23 e. 74th st., new york, italian
columbus bakery, 53rd sts., new york, coffee bar
corrado cafe, 1013 3rd ave.  between 60th and 61st sts., new york, coffee bar
cupcake cafe, 522 9th ave. at 39th st., new york, coffee bar
da nico, 164 mulberry st.  between grand and broome sts., new york, italian
dean & deluca, 121 prince st., new york, coffee bar
diva, 341 w. broadway  near grand st., new york, italian
dix et sept, 181 w. 10th st., new york, french
docks, 633 3rd ave. at 40th st., new york, seafood
duane park cafe, 157 duane st.  between w. broadway and hudson st., new york, american
el teddy's, 219 w. broadway  between franklin and white sts., new york, mexican
emily's, 1325 5th ave. at 111th st., new york, american
empire korea, 6 e. 32nd st., new york, asian
ernie's, 2150 broadway  between 75th and 76th sts., new york, american
evergreen cafe, 1288 1st ave. at 69th st., new york, asian
f. ille ponte ristorante, 39 desbrosses st.  near west st., new york, italian
felix, 340 w. broadway at grand st., new york, french
ferrier, 29 e. 65th st., new york, french
fifty seven fifty seven, 57 e. 57th st., new york, american
film center cafe, 635 9th ave.  between 44th and 45th sts., new york, american
fiorello's roman cafe, 1900 broadway  between 63rd and 64th sts., new york, italian
firehouse, 522 columbus ave.  between 85th and 86th sts., new york, american
first, 87 1st ave.  between 5th and 6th sts., new york, american
fishin eddie, 73 w. 71st st., new york, seafood
fleur de jour, 348 e. 62nd st., new york, coffee bar
flowers, 21 west 17th st.  between 5th and 6th aves., new york, american
follonico, 6 w. 24th st., new york, italian
fraunces tavern, 54 pearl st. at broad st., new york, american
french roast, 458 6th ave. at 11th st., new york, french
french roast cafe, 2340 broadway at 85th st., new york, coffee bar
frico bar, 402 w. 43rd st.  off 9th ave., new york, italian
fujiyama mama, 467 columbus ave.  between 82nd and 83rd sts., new york, asian
gabriela's, 685 amsterdam ave. at 93rd st., new york, mexican
gallagher's, 228 w. 52nd st., new york, american
gianni's, 15 fulton st., new york, seafood
girafe, 208 e. 58th st.  between 2nd and 3rd aves., new york, italian
global, 33 93 2nd ave.  between 5th and 6th sts., new york, american
golden unicorn, 18 e. broadway at catherine st., new york, asian
grand ticino, 228 thompson st.  between w. 3rd and bleecker sts., new york, italian
halcyon, 151 w. 54th st.  in the rihga royal hotel, new york, american
hard rock cafe, 221 w. 57th st., new york, american
hi-life restaurant and lounge, 1340 1st ave. at 72nd st., new york, american
home, 20 cornelia st.  between bleecker and w. 4th st., new york, american
hudson river club, 4 world financial center, new york, american
i trulli, 122 e. 27th st.  between lexington and park aves., new york, italian
il cortile, 125 mulberry st.  between canal and hester sts., new york, italian
il nido, 251 e. 53rd st., new york, italian
inca grill, 492 broome st.  near w. broadway, new york, latin american
indochine, 430 lafayette st.  between 4th st. and astor pl., new york, asian
internet cafe, 82 e. 3rd st.  between 1st and 2nd aves., new york, coffee bar
ipanema, 13 w. 46th st., new york, latin american
jean lafitte, 68 w. 58th st., new york, french
jewel of india, 15 w. 44th st., new york, asian
jimmy sung's, 219 e. 44th st.  between 2nd and 3rd aves., new york, asian
joe allen, 326 w. 46th st., new york, american
judson grill, 152 w. 52nd st., new york, american
l'absinthe, 227 e. 67th st., new york, french
l'auberge, 1191 1st ave.  between 64th and 65th sts., new york, middle eastern
l'auberge du midi, 310 w. 4th st.  between w. 12th and bank sts., new york, french
l'udo, 432 lafayette st.  near astor pl., new york, french
la reserve, 4 w. 49th st., new york, french
lanza restaurant, 168 1st ave.  between 10th and 11th sts., new york, italian
lattanzi ristorante, 361 w. 46th st., new york, italian
layla, 211 w. broadway at franklin st., new york, middle eastern
le chantilly, 106 e. 57th st., new york, french
le colonial, 149 e. 57th st., new york, asian
le gamin, 50 macdougal st.  between houston and prince sts., new york, coffee bar
le jardin, 25 cleveland pl.  near spring st., new york, french
le madri, 168 w. 18th st., new york, italian
le marais, 150 w. 46th st., new york, american
le perigord, 405 e. 52nd st., new york, french
le select, 507 columbus ave.  between 84th and 85th sts., new york, american
les halles, 411 park ave. s  between 28th and 29th sts., new york, french
lincoln tavern, 51 w. 64th st., new york, american
lola, 30 west 22nd st.  between 5th and 6th ave., new york, american
lucky strike, 59 grand st.  between wooster st. and w. broadway, new york, or 212/941-0772 american
mad fish, 2182 broadway  between 77th and 78th sts., new york, seafood
main street, 446 columbus ave.  between 81st and 82nd sts., new york, american
mangia e bevi, 800 9th ave. at 53rd st., new york, italian
manhattan cafe, 1161 1st ave.  between 63rd and 64th sts., new york, american
manila garden, 325 e. 14th st.  between 1st and 2nd aves., new york, asian
marichu, 342 e. 46th st.  between 1st and 2nd aves., new york, french
marquet patisserie, 15 e. 12th st.  between 5th ave. and university pl., new york, coffee bar
match, 160 mercer st.  between houston and prince sts., new york, american
matthew's, 1030 3rd ave. at 61st st., new york, american
mavalli palace, 46 e. 29th st., new york, asian
milan cafe and coffee bar, 120 w. 23rd st., new york, coffee bar
monkey bar, 60 e. 54th st., new york, american
montien, 1134 1st ave.   between 62nd and 63rd sts., new york, asian
morton's, 551 5th ave. at 45th st., new york, american
motown cafe, 104 w. 57th st.  near 6th ave., new york, american
new york kom tang soot bul house, 32 w. 32nd st., new york, asian
new york noodletown, 28 1/2 bowery at bayard st., new york, asian
newsbar, 2 w. 19th st., new york, coffee bar
odeon, 145 w. broadway at thomas st., new york, american
orso, 322 w. 46th st., new york, italian
osteria al droge, 142 w. 44th st., new york, italian
otabe, 68 e. 56th st., new york, asian
pacifica, 138 lafayette st.  between canal and howard sts., new york, asian
palio, 151 w. 51st. st., new york, italian
pamir, 1065 1st ave.  at 58th st., new york, middle eastern
parioli romanissimo, 24 e. 81st st., new york, italian
patria, 250 park ave. s at 20th st., new york, latin american
peacock alley, 301 park ave.  between 49th and 50th sts., new york, french
pen & pencil, 205 e. 45th st., new york, american
penang soho, 109 spring st.  between greene and mercer sts., new york, asian
persepolis, 1423 2nd ave.  between 74th and 75th sts., new york, middle eastern
planet hollywood, 140 w. 57th st., new york, american
pomaire, 371 w. 46th st.  off 9th ave., new york, latin american
popover cafe, 551 amsterdam ave.  between 86th and 87th sts., new york, american
post house, 28 e. 63rd st., new york, american
rain, 100 w. 82nd st., new york, asian
red tulip, 439 e. 75th st., new york, eastern european
remi, 145 w. 53rd st., new york, italian
republic, 37a union sq. w  between 16th and 17th sts., new york, asian
roettelle a. g, 126 e. 7th st.  between 1st ave. and ave. a, new york, continental
rosa mexicano, 1063 1st ave. at 58th st., new york, mexican
ruth's chris, 148 w. 51st st., new york, american
s.p.q.r, 133 mulberry st.  between hester and grand sts., new york, italian
sal anthony's, 55 irving pl., new york, italian
sammy's roumanian steak house, 157 chrystie st. at delancey st., new york, east european
san pietro, 18 e. 54th st., new york, italian
sant ambroeus, 1000 madison ave.  between 77th and 78th sts., new york, coffee bar
sarabeth's kitchen, 423 amsterdam ave.  between 80th and 81st sts., new york, american
sea grill, 19 w. 49th st., new york, seafood
serendipity, 3 225 e. 60th st., new york, american
seventh regiment mess and bar, 643 park ave. at 66th st., new york, american
sfuzzi, 58 w. 65th st., new york, american
shaan, 57 w. 48th st., new york, asian
sofia fabulous pizza, 1022 madison ave.  near 79th st., new york, italian
spring street natural restaurant & bar, 62 spring st. at lafayette st., new york, american
stage deli, 834 7th ave.  between 53rd and 54th sts., new york, delicatessen
stingray, 428 amsterdam ave.  between 80th and 81st sts., new york, seafood
sweet'n'tart cafe, 76 mott st. at canal st., new york, asian
t salon, 143 mercer st. at prince st., new york, coffee bar
tang pavillion, 65 w. 55th st., new york, asian
tapika, 950 8th ave. at 56th st., new york, american
teresa's, 103 1st ave.  between 6th and 7th sts., new york, east european
terrace, 400 w. 119th st.  between amsterdam and morningside aves., new york, continental
the coffee pot, 350 9th ave. at 49th st., new york, coffee bar
the savannah club, 2420 broadway at 89th st., new york, american
trattoria dell'arte, 900 7th ave.  between 56th and 57th sts., new york, italian
triangolo, 345 e. 83rd st., new york, italian
tribeca grill, 375 greenwich st.  near franklin st., new york, american
trois jean, 154 e. 79th st.  between lexington and 3rd aves., new york, coffee bar
tse yang, 34 e. 51st st., new york, asian
turkish kitchen, 386 3rd ave.  between 27th and 28th sts., new york, middle eastern
two two two, 222 w. 79th st., new york, american
veniero's pasticceria, 342 e. 11th st.  near 1st ave., new york, coffee bar
verbena, 54 irving pl. at 17th st., new york, american
victor's cafe, 52 236 w. 52nd st., new york, latin american
vince & eddie's, 70 w. 68th st., new york, american
vong, 200 e. 54th st., new york, american
water club, 500 e. 30th st., new york, american
west, 63rd street steakhouse 44 w. 63rd st., new york, american
xunta, 174 1st ave.  between 10th and 11th sts., new york, mediterranean
zen palate, 34 union sq. e at 16th st., new york, and 212/614-9345 asian
zoe, 90 prince st.  between broadway and mercer st., new york, american
abbey, 163 ponce de leon ave., atlanta, international
aleck's barbecue heaven, 783 martin luther king jr. dr., atlanta, barbecue
annie's thai castle, 3195 roswell rd., atlanta, asian
anthonys, 3109 piedmont rd.  just south of peachtree rd., atlanta, american
atlanta fish market, 265 pharr rd., atlanta, american
beesley's of buckhead, 260 e. paces ferry road, atlanta, continental
bertolini's, 3500 peachtree rd.  phipps plaza, atlanta, italian
bistango, 1100 peachtree st., atlanta, mediterranean
cafe renaissance, 7050 jimmy carter blvd.  norcross, atlanta, american
camille's, 1186 n. highland ave., atlanta, italian
cassis, 3300 peachtree rd.  grand hyatt, atlanta, mediterranean
city grill, 50 hurt plaza, atlanta, international
coco loco, 40  buckhead crossing mall on the sidney marcus blvd., atlanta, caribbean
colonnade restaurant, 1879 cheshire bridge rd., atlanta, southern
dante's down the hatch  buckhead, 3380 peachtree rd., atlanta, continental
dante's down the hatch, underground underground mall  underground atlanta, atlanta, continental
fat matt's rib shack, 1811 piedmont ave.  near cheshire bridge rd., atlanta, barbecue
french quarter food shop, 923 peachtree st.  at 8th st., atlanta, southern
holt bros. bar-b-q, 6359 jimmy carter blvd.  at buford hwy.  norcross, atlanta, barbecue
horseradish grill, 4320 powers ferry rd., atlanta, southern
hsu's gourmet, 192 peachtree center ave.  at international blvd., atlanta, asian
imperial fez, 2285 peachtree rd.  peachtree battle condominium, atlanta, mediterranean
kamogawa, 3300 peachtree rd.  grand hyatt, atlanta, asian
la grotta at ravinia dunwoody rd., holiday inn/crowne plaza at ravinia  dunwoody, atlanta, italian
little szechuan, c buford hwy.  northwoods plaza  doraville, atlanta, asian
lowcountry barbecue, 6301 roswell rd.  sandy springs plaza  sandy springs, atlanta, barbecue
luna si, 1931 peachtree rd., atlanta, continental
mambo restaurante cubano, 1402 n. highland ave., atlanta, caribbean
mckinnon's louisiane, 3209 maple dr., atlanta, southern
mi spia dunwoody rd., park place  across from perimeter mall  dunwoody, atlanta, italian
nickiemoto's: a sushi bar, 247 buckhead ave.  east village sq., atlanta, fusion
palisades, 1829 peachtree rd., atlanta, continental
pleasant peasant, 555 peachtree st.  at linden ave., atlanta, american
pricci, 500 pharr rd., atlanta, italian
r.j.'s uptown kitchen & wine bar, 870 n. highland ave., atlanta, american
rib ranch, 25 irby ave., atlanta, barbecue
sa tsu ki, 3043 buford hwy., atlanta, asian
sato sushi and thai, 6050 peachtree pkwy.  norcross, atlanta, asian
south city kitchen, 1144 crescent ave., atlanta, southern
south of france, 2345 cheshire bridge rd., atlanta, french
stringer's fish camp and oyster bar, 3384 shallowford rd.  chamblee, atlanta, southern
sundown cafe, 2165 cheshire bridge rd., atlanta, american
taste of new orleans, 889 w. peachtree st., atlanta, southern
tomtom, 3393 peachtree rd., atlanta, continental
antonio's, 3700 w. flamingo, las vegas, italian
bally's big kitchen, 3645 las vegas blvd. s, las vegas, buffets
bamboo garden, 4850 flamingo rd., las vegas, asian
battista's hole in the wall, 4041 audrie st. at flamingo rd., las vegas, italian
bertolini's, 3570 las vegas blvd. s, las vegas, italian
binion's coffee shop, 128 fremont st., las vegas, coffee shops/diners
bistro, 3400 las vegas blvd. s, las vegas, continental
broiler, 4111 boulder hwy., las vegas, american
bugsy's diner, 3555 las vegas blvd. s, las vegas, coffee shops/diners
cafe michelle, 1350 e. flamingo rd., las vegas, american
cafe roma, 3570 las vegas blvd. s, las vegas, coffee shops/diners
capozzoli's, 3333 s. maryland pkwy., las vegas, italian
carnival world, 3700 w. flamingo rd., las vegas, buffets
center stage plaza hotel, 1 main st., las vegas, american
circus circus, 2880 las vegas blvd. s, las vegas, buffets
empress court, 3570 las vegas blvd. s, las vegas, asian
feast, 2411 w. sahara ave., las vegas, buffets
golden nugget hotel, 129 e. fremont st., las vegas, buffets
golden steer, 308 w. sahara ave., las vegas, steak houses
lillie langtry's, 129 e. fremont st., las vegas, asian
mandarin court, 1510 e. flamingo rd., las vegas, asian
margarita's mexican cantina, 3120 las vegas blvd. s, las vegas, mexican
mary's diner, 5111 w. boulder hwy., las vegas, coffee shops/diners
mikado, 3400 las vegas blvd. s, las vegas, asian
pamplemousse, 400 e. sahara ave., las vegas, continental
ralph's diner, 3000 las vegas blvd. s, las vegas, coffee shops/diners
the bacchanal, 3570 las vegas blvd. s, las vegas, only in las vegas
venetian, 3713 w. sahara ave., las vegas, italian
viva mercado's, 6182 w. flamingo rd., las vegas, mexican
yolie's, 3900 paradise rd., las vegas, steak houses
2223, 2223 market st., san francisco, american
acquarello, 1722 sacramento st., san francisco, italian
bardelli's, 243 o'farrell st., san francisco, old san francisco
betelnut, 2030 union st., san francisco, asian
bistro roti, 155 steuart st., san francisco, french
bix, 56 gold st., san francisco, american
bizou, 598 fourth st., san francisco, french
buca giovanni, 800 greenwich st., san francisco, italian
cafe adriano, 3347 fillmore st., san francisco, italian
cafe marimba, 2317 chestnut st., san francisco, mexican/latin american/spanish
california culinary academy, 625 polk st., san francisco, french
capp's corner, 1600 powell st., san francisco, italian
carta, 1772 market st., san francisco, american
chevys, 4th and howard sts., san francisco, mexican/latin american/spanish
cypress club, 500 jackson st., san francisco, american
des alpes, 732 broadway, san francisco, french
faz, 161 sutter st., san francisco, greek and middle eastern
fog city diner, 1300 battery st., san francisco, american
garden court, market and new montgomery sts., san francisco, old san francisco
gaylord's, ghirardelli sq., san francisco, asian
grand cafe hotel monaco, 501 geary st., san francisco, american
greens, bldg. a fort mason, san francisco, vegetarian
harbor village, 4 embarcadero center, san francisco, asian
harris', 2100 van ness ave., san francisco, steak houses
harry denton's, 161 steuart st., san francisco, american
hayes street grill, 320 hayes st., san francisco, seafood
helmand, 430 broadway, san francisco, greek and middle eastern
hong kong flower lounge, 5322 geary blvd., san francisco, asian
hong kong villa, 2332 clement st., san francisco, asian
hyde street bistro, 1521 hyde st., san francisco, italian
il fornaio levi's plaza, 1265 battery st., san francisco, italian
izzy's steak & chop house, 3345 steiner st., san francisco, steak houses
jack's, 615 sacramento st., san francisco, old san francisco
kabuto sushi, 5116 geary blvd., san francisco, asian
katia's, 600 5th ave., san francisco, 
kuleto's, 221 powell st., san francisco, italian
kyo-ya. sheraton palace hotel, 2 new montgomery st.  at market st., san francisco, asian
l'osteria del forno, 519 columbus ave., san francisco, italian
le central, 453 bush st., san francisco, french
le soleil, 133 clement st., san francisco, asian
macarthur park, 607 front st., san francisco, american
manora, 3226 mission st., san francisco, asian
maykadeh, 470 green st., san francisco, greek and middle eastern
mccormick & kuleto's, ghirardelli sq., san francisco, seafood
millennium, 246 mcallister st., san francisco, vegetarian
moose's, 1652 stockton st., san francisco, mediterranean
north india, 3131 webster st., san francisco, asian
one market, 1 market st., san francisco, american
oritalia, 1915 fillmore st., san francisco, italian
pacific pan pacific hotel, 500 post st., san francisco, french
palio d'asti, 640 sacramento st., san francisco, italian
pane e vino, 3011 steiner st., san francisco, italian
pastis, 1015 battery st., san francisco, french
perry's, 1944 union st., san francisco, american
r&g lounge, 631 b kearny st., san francisco, or 415/982-3811 asian
rubicon, 558 sacramento st., san francisco, american
rumpus, 1 tillman pl., san francisco, american
sanppo, 1702 post st., san francisco, asian
scala's bistro, 432 powell st., san francisco, italian
south park cafe, 108 south park, san francisco, french
splendido embarcadero,4, san francisco, mediterranean
stars, 150 redwood alley, san francisco, american
stars cafe, 500 van ness ave., san francisco, american
stoyanof's cafe, 1240 9th ave., san francisco, greek and middle eastern
straits cafe, 3300 geary blvd., san francisco, asian
suppenkuche, 601 hayes st., san francisco, russian/german
tadich grill, 240 california st., san francisco, seafood
the heights, 3235 sacramento st., san francisco, french
thepin, 298 gough st., san francisco, asian
ton kiang, 3148 geary blvd., san francisco, asian
vertigo, 600 montgomery st., san francisco, mediterranean
vivande porta via, 2125 fillmore st., san francisco, italian
vivande ristorante, 670 golden gate ave., san francisco, italian
world wrapps, 2257 chestnut st., san francisco, american
wu kong, 101 spear st., san francisco, asian
yank sing, 427 battery st., san francisco, asian
yaya cuisine, 1220 9th ave., san francisco, greek and middle eastern
yoyo tsumami bistro, 1611 post st., san francisco, french
zarzuela, 2000 hyde st., san francisco, mexican/latin american/spanish
zuni cafe & grill, 1658 market st., san francisco, mediterranean
apple pan  the, 10801 w. pico blvd., west la, american
asahi ramen, 2027 sawtelle blvd., west la, noodle shops
baja fresh, 3345 kimber dr., westlake village, mexican
belvedere  the, 9882 little santa monica blvd., beverly hills, pacific new wave
benita's frites, 1433 third st. promenade, santa monica, fast food
bernard's, 515 s. olive st., los angeles, continental
bistro 45, 45 s. mentor ave., pasadena, californian
brent's deli, 19565 parthenia ave., northridge, delis
brighton coffee shop, 9600 brighton way, beverly hills, coffee shops
bristol farms market cafe, 1570 rosecrans ave. s., pasadena, californian
bruno's, 3838 centinela ave., mar vista, italian
cafe '50s, 838 lincoln blvd., venice, american
cafe blanc, 9777 little santa monica blvd., beverly hills, pacific new wave
cassell's, 3266 w. sixth st., la, hamburgers
chez melange, 1716 pch, redondo beach, eclectic
diaghilev, 1020 n. san vicente blvd., w. hollywood, russian
don antonio's, 1136 westwood blvd., westwood, italian
duke's, 8909 sunset blvd., w. hollywood, coffee shops
falafel king, 1059 broxton ave., westwood, middle eastern
feast from the east, 1949 westwood blvd., west la, chinese
gumbo pot  the, 6333 w. third st., la, cajun/creole
hollywood hills coffee shop, 6145 franklin ave., hollywood, coffee shops
indo cafe, 10428 1/2 national blvd., la, indonesian
jan's family restaurant, 8424 beverly blvd., la, coffee shops
jiraffe, 502 santa monica blvd, santa monica, californian
jody maroni's sausage kingdom, 2011 ocean front walk, venice, hot dogs
joe's, 1023 abbot kinney blvd., venice, american (new)
john o'groats, 10516 w. pico blvd., west la, coffee shops
johnnie's pastrami, 4017 s. sepulveda blvd., culver city, delis
johnny reb's southern smokehouse, 4663 long beach blvd., long beach, southern/soul
johnny rockets (la), 7507 melrose ave., la, american
killer shrimp, 4000 colfax ave., studio city, seafood
kokomo cafe, 6333 w. third st., la, american
koo koo roo, 8393 w. beverly blvd., la, chicken
la cachette, 10506 little santa monica blvd., century city, french (new)
la salsa (la), 22800 pch, malibu, mexican
la serenata de garibaldi, 1842 e. first, st. boyle hts., mexican/tex-mex
langer's, 704 s. alvarado st., la, delis
local nochol, 30869 thousand oaks blvd., westlake village, health food
main course  the, 10509 w. pico blvd., rancho park, american
mani's bakery & espresso bar, 519 s. fairfax ave., la, desserts
martha's, 22nd street grill 25 22nd, st. hermosa beach, american
maxwell's cafe, 13329 washington blvd., marina del rey, american
michael's (los angeles), 1147 third st., santa monica, californian
mishima, 8474 w. third st., la, noodle shops
mo better meatty meat, 7261 melrose ave., la, hamburgers
mulberry st., 17040 ventura blvd., encino, pizza
ocean park cafe, 3117 ocean park blvd., santa monica, american
ocean star, 145 n. atlantic blvd., monterey park, seafood
original pantry bakery, 875 s. figueroa st. downtown, la, diners
parkway grill, 510 s. arroyo pkwy., pasadena, californian
pho hoa, 642 broadway, chinatown, vietnamese
pink's famous chili dogs, 709 n. la brea ave., la, hot dogs
poquito mas, 2635 w. olive ave., burbank, mexican
r-23, 923 e. third st., los angeles, japanese
rae's, 2901 pico blvd., santa monica, diners
rubin's red hots, 15322 ventura blvd., encino, hot dogs
ruby's (la), 45 s. fair oaks ave., pasadena, diners
russell's burgers, 1198 pch, seal beach, hamburgers
ruth's chris steak house (los angeles), 224 s. beverly dr., beverly hills, steakhouses
shiro, 1505 mission st. s., pasadena, pacific new wave
sushi nozawa, 11288 ventura blvd., studio city, japanese
sweet lady jane, 8360 melrose ave., la, desserts
taiko, 11677 san vicente blvd., brentwood, noodle shops
tommy's, 2575 beverly blvd., la, hamburgers
uncle bill's pancake house, 1305 highland ave., manhattan beach, diners
water grill, 544 s. grand ave., los angeles, seafood
zankou chicken, 1415 e. colorado st., glendale, middle eastern
afghan kebab house, 764 ninth ave., new york city, afghan
arcadia, 21 e. 62nd st., new york city, american (new)
benny's burritos, 93 ave. a, new york city, mexican
cafe con leche, 424 amsterdam ave., new york city, cuban
corner bistro, 331 w. fourth st., new york city, hamburgers
cucina della fontana, 368 bleecker st., new york city, italian
cucina di pesce, 87 e. fourth st., new york city, seafood
darbar, 44 w. 56th st., new york city, indian
ej's luncheonette, 432 sixth ave., new york city, diners
edison cafe, 228 w. 47th st., new york city, diners
elias corner, 24-02 31st st., queens, greek
good enough to eat, 483 amsterdam ave., new york city, american
gray's papaya, 2090 broadway, new york city, hot dogs
il mulino, 86 w. third st., new york city, italian
jackson diner, 37-03 74th st., queens, indian
joe's shanghai, 9 pell st., queens, chinese
john's pizzeria, 48 w. 65th st., new york city, pizza
kelley & ping, 127 greene st., new york city, pan-asian
kiev, 117 second ave., new york city, ukrainian
kuruma zushi, 2nd fl., new york city, japanese
la caridad, 2199 broadway, new york city, cuban
la grenouille, 3 e. 52nd st., new york city, french (classic)
lemongrass grill, 61a seventh ave., brooklyn, thai
lombardi's, 32 spring st., new york city, pizza
marnie's noodle shop, 466 hudson st., new york city, asian
menchanko-tei, 39 w. 55th st., new york city, japanese
mitali east-west, 296 bleecker st., new york city, indian
monsoon (ny), 435 amsterdam ave., new york city, thai
moustache, 405 atlantic ave., brooklyn, middle eastern
nobu, 105 hudson st., new york city, japanese
one if by land  tibs, 17 barrow st., new york city, continental
oyster bar, lower level, new york city, seafood
palm, 837 second ave., new york city, steakhouses
palm too, 840 second ave., new york city, steakhouses
patsy's pizza, 19 old fulton st., brooklyn, pizza
peter luger steak house, 178 broadway, brooklyn, steakhouses
rose of india, 308 e. sixth st., new york city, indian
sam's noodle shop, 411 third ave., new york city, chinese
sarabeth's, 1295 madison ave., new york city, american
sparks steak house, 210 e. 46th st., new york city, steakhouses
stick to your ribs, 5-16 51st ave., queens, bbq
sushisay, 38 e. 51st st., new york city, japanese
sylvia's, 328 lenox ave., new york city, southern/soul
szechuan hunan cottage, 1588 york ave., new york city, chinese
szechuan kitchen, 1460 first ave., new york city, chinese
teresa's, 80 montague st., queens, polish
thai house cafe, 151 hudson st., new york city, thai
thailand restaurant, 106 bayard st., new york city, thai
veselka, 144 second ave., new york city, ukrainian
westside cottage, 689 ninth ave., new york city, chinese
windows on the world, 107th fl., new york city, eclectic
wollensky's grill, 205 e. 49th st., new york city, steakhouses
yama, 122 e. 17th st., new york city, japanese
zarela, 953 second ave., new york city, mexican
andre's french restaurant, 401 s. 6th st., las vegas, french (classic)
buccaneer bay club, 3300 las vegas blvd. s., las vegas, continental
buzio's in the rio, 3700 w. flamingo rd., las vegas, seafood
emeril's new orleans fish house, 3799 las vegas blvd. s., las vegas, seafood
fiore rotisserie & grille, 3700 w. flamingo rd., las vegas, italian
hugo's cellar, 202 e. fremont st., las vegas, continental
madame ching's, 3300 las vegas blvd. s., las vegas, asian
mayflower cuisinier, 4750 w. sahara ave., las vegas, chinese
michael's (las vegas), 3595 las vegas blvd. s., las vegas, continental
monte carlo, 3145 las vegas blvd. s., las vegas, french (new)
moongate, 3400 las vegas blvd. s., las vegas, chinese
morton's of chicago (las vegas), 3200 las vegas blvd. s., las vegas, steakhouses
nicky blair's, 3925 paradise rd., las vegas, italian
piero's restaurant, 355 convention center dr., las vegas, italian
spago (las vegas), 3500 las vegas blvd. s., las vegas, californian
steakhouse  the, 128 e. fremont st., las vegas, steakhouses
stefano's, 129 fremont st., las vegas, italian
sterling brunch, 3645 las vegas blvd. s., las vegas, eclectic
tre visi, 3799 las vegas blvd. s., las vegas, italian
103 west, 103 w. paces ferry rd., atlanta, continental
alon's at the terrace, 659 peachtree st., atlanta, sandwiches
baker's cajun cafe, 1134 euclid ave., atlanta, cajun/creole
barbecue kitchen, 1437 virginia ave., atlanta, bbq
bistro  the, 56 e. andrews dr. nw, atlanta, french bistro
bobby & june's kountry kitchen, 375 14th st., atlanta, southern/soul
bradshaw's restaurant, 2911 s. pharr court, atlanta, southern/soul
brookhaven cafe, 4274 peachtree rd., atlanta, vegetarian
cafe sunflower, 5975 roswell rd., atlanta, health food
canoe, 4199 paces ferry rd., atlanta, american (new)
carey's, 1021 cobb pkwy. se, marietta, hamburgers
carey's corner, 1215 powers ferry rd., marietta, hamburgers
chops, 70 w. paces ferry rd., atlanta, steakhouses
chopstix, 4279 roswell rd., atlanta, chinese
deacon burton's soulfood restaurant, 1029 edgewood ave. se, atlanta, southern/soul
eats, 600 ponce de leon ave., atlanta, italian
flying biscuit  the, 1655 mclendon ave., atlanta, eclectic
frijoleros, 1031 peachtree st. ne, atlanta, tex-mex
greenwood's, 1087 green st., roswell, southern/soul
harold's barbecue, 171 mcdonough blvd., atlanta, bbq
havana sandwich shop, 2905 buford hwy., atlanta, cuban
house of chan, 2469 cobb pkwy., smyrna, chinese
indian delights, 3675 satellite blvd., duluth, indian
java jive, 790 ponce de leon ave., atlanta, coffee shops
johnny rockets (at), 2970 cobb pkwy., atlanta, american
kalo's coffee house, 1248 clairmont rd., decatur, coffeehouses
la fonda latina, 4427 roswell rd., atlanta, spanish
lettuce souprise you (at), 3525 mall blvd., duluth, cafeterias
majestic, 1031 ponce de leon ave., atlanta, diners
morton's of chicago (atlanta), 303 peachtree st. ne, atlanta, steakhouses
my thai, 1248 clairmont rd., atlanta, thai
nava, 3060 peachtree rd., atlanta, southwestern
nuevo laredo cantina, 1495 chattahoochee ave. nw, atlanta, mexican
original pancake house (at), 4330 peachtree rd., atlanta, american
palm  the (atlanta), 3391 peachtree rd. ne, atlanta, steakhouses
rainbow restaurant, 2118 n. decatur rd., decatur, vegetarian
ritz-carlton cafe (atlanta), 181 peachtree st., atlanta, american (new)
riviera, 519 e. paces ferry rd., atlanta, mediterranean
silver skillet  the, 200 14th st. nw, atlanta, coffee shops
soto, 3330 piedmont rd., atlanta, japanese
thelma's kitchen, 764 marietta st. nw, atlanta, cafeterias
tortillas, 774 ponce de leon ave. ne, atlanta, tex-mex
van gogh's restaurant & bar, 70 w. crossville rd., roswell, american (new)
veggieland, 220 sandy springs circle, atlanta, vegetarian
white house restaurant, 3172 peachtree rd. ne, atlanta, diners
zab-e-lee, 4837 old national hwy., college park, thai
bill's place, 2315 clement st., san francisco, hamburgers
cafe flore, 2298 market st., san francisco, californian
caffe greco, 423 columbus ave., san francisco, continental
campo santo, 240 columbus ave., san francisco, mexican
cha cha cha's, 1805 haight st., san francisco, caribbean
doidge's, 2217 union st., san francisco, american
dottie's true blue cafe, 522 jones st., san francisco, diners
dusit thai, 3221 mission st., san francisco, thai
ebisu, 1283 ninth ave., san francisco, japanese
emerald garden restaurant, 1550 california st., san francisco, vietnamese
eric's chinese restaurant, 1500 church st., san francisco, chinese
hamburger mary's, 1582 folsom st., san francisco, hamburgers
kelly's on trinity, 333 bush st., san francisco, californian
la cumbre, 515 valencia st., san francisco, mexican
la mediterranee, 288 noe st., san francisco, mediterranean
la taqueria, 2889 mission st., san francisco, mexican
mario's bohemian cigar store cafe, 2209 polk st., san francisco, italian
marnee thai, 2225 irving st., san francisco, thai
mel's drive-in, 3355 geary st., san francisco, hamburgers
mo's burgers, 1322 grant st., san francisco, hamburgers
phnom penh cambodian restaurant, 631 larkin st., san francisco, cambodian
roosevelt tamale parlor, 2817 24th st., san francisco, mexican
sally's cafe & bakery, 300 de haro st., san francisco, american
san francisco bbq, 1328 18th st., san francisco, thai
slanted door, 584 valencia st., san francisco, vietnamese
swan oyster depot, 1517 polk st., san francisco, seafood
thep phanom, 400 waller st., san francisco, thai
ti couz, 3108 16th st., san francisco, french
trio cafe, 1870 fillmore st., san francisco, american
tu lan, 8 sixth st., san francisco, vietnamese
vicolo pizzeria, 201 ivy st., san francisco, pizza
wa-ha-ka oaxaca mexican grill, 2141 polk st., san francisco, mexican
